content,day,person
Los quiero muchooooo,10/22/24,Varios
son el mejor equipo del mundo,10/22/24,Varios
esto esta muy gpi vtalv como dice la chaviza,10/22/24,Varios
Reviví saramambiches,10/22/24,Varios
😂😂😂🤣🤣😆🙂😄😛😉😘🙃🥲😋🥹😘😛☺️😌,10/22/24,Varios
No,10/22/24,Varios
"Todo bien, no me quejo",10/22/24,Varios
Se vale tirar factor?,10/22/24,Varios
Factos*,10/22/24,Varios
"En mis tiempos las gorditas no iban con falda y ombliguera, solo con salsa y crema 🤙🏽",10/22/24,Varios
"Amigos, perdón por estar muy inactivo, juro mandar más videos con la finalidad de conseguir hacer de manera correcta esta práctica",10/23/24,Varios
Era mame jajajaja,10/23/24,Varios
Saquen chisme,10/23/24,Varios
"No, espera un segundo",10/24/24,Varios
Los mensajes van a salir de este chat ¿Verdad?,10/24/24,Varios
O de dónde?,10/24/24,Varios
Quieren que use un chat que tenga con alguien más?,10/24/24,Varios
Cómo piensan hacerle ustedes?,10/24/24,Varios
"Vavavava, denme unos minutos, ya anda quedando mi código para mí chat",10/24/24,Varios
Mames,10/24/24,Varios
Va,10/24/24,Varios
https://github.com/RubenRM31,10/24/24,Varios
me rolas el repo @5215535831468?,10/24/24,Varios
We,6/17/23,Omar
Hay que escoger una pareja para hacer la tarea integradora,6/17/23,Omar
Le digo que tú y yo?,6/17/23,Omar
Va,6/17/23,Omar
Quién quieres ser? Escoge,6/17/23,Omar
Va,6/17/23,Omar
Eu?,6/17/23,Omar
Candidato a presidente,6/17/23,Omar
Simon,6/17/23,Omar
En dónde están?,6/17/23,Omar
Del otro lado,6/17/23,Omar
En el mismo piso?,6/17/23,Omar
No we,6/17/23,Omar
Andaba en el 108 jajaja,6/17/23,Omar
Que ondas,6/27/23,Omar
Había dicho en el número 4 de la página 15,6/27/23,Omar
"""Your story""",6/27/23,Omar
Usando los tiempos futuros que vimos en clase,6/27/23,Omar
"Que ondas, bro",07/06/2023,Omar
"Si, mañana queda el trabajo, ¿lo vemos temprano?",07/06/2023,Omar
El 1?,07/06/2023,Omar
"La ví hace un rato, ni sabía que ahí se debía de subir 🤣",07/06/2023,Omar
"Sale bro, ahorita lo checo, gracias 🤙",07/07/2023,Omar
"Oye, el ensayo lo hiciste a mano o en pc?",07/07/2023,Omar
Oye bro,07/07/2023,Omar
Como ves lo de hacer el integrative task en video?,07/07/2023,Omar
"Yo entendí que si se puede hacer video, pero debemos presentarlo en la clase, no debemos enviarlo",07/07/2023,Omar
Qué dices?,07/07/2023,Omar
Va,07/07/2023,Omar
Que te parece conectarnos a las 9?,07/07/2023,Omar
"Simón, ahorita agrego la que falta",07/07/2023,Omar
Son 8,07/07/2023,Omar
"Va, yo la conclusión",07/07/2023,Omar
"Oye bro, me esperas para las 9:20?",07/07/2023,Omar
"Listo bro, solo en 5 te mando el link de Skype",07/07/2023,Omar
pasa link,07/07/2023,Omar
Que ondas bro,7/13/23,Omar
"Lo del speaking creo que es individual para todos, por el tipo de preguntas",7/13/23,Omar
No manches 😂,7/22/23,Omar
Ni el helbling?,7/22/23,Omar
Alv jajajaja,7/22/23,Omar
"Vale mothers, hice todas sus tareas y sin hacerlas igual hubiera pasado jajaja 🫠",7/22/23,Omar
Que chido que pásate bro,7/22/23,Omar
"Si, me puso 8.9",7/22/23,Omar
Siento que el último exámen ayudo mucho,7/22/23,Omar
"La neta si, tenía algo de miedo de no pasar",7/22/23,Omar
Nos andamos viendo en AV4 😎,7/22/23,Omar
No maaaaaaa,7/22/23,Omar
Ya puedes dormir tranquilo jajaja,7/22/23,Omar
Felicidades we,7/22/23,Omar
Listo we,09/02/2023,Omar
"Jajajaj wey, el Esteban dijo domingo y no sábado",09/02/2023,Omar
De nada bro jaja,09/02/2023,Omar
"I need a resume of threes paragraphs of the book ""the reader"" by Bernhard Schlink and use a lot of sentences with past simple, past continues, past perfect and try to combine this times in an sentence, like use p. Simple and p. Continues in a sentence",09/09/2023,Omar
"Well, it's correct but I need much more use of times in past like I asked you",09/09/2023,Omar
Mejor con datos,9/23/23,Omar
Si we,9/23/23,Omar
Ahorita veo,9/23/23,Omar
Xd,9/23/23,Omar
El profesor decidirá,9/23/23,Omar
Nice,9/23/23,Omar
Estas bien,9/23/23,Omar
En todas,9/23/23,Omar
Gracias,10/14/23,Omar
Todas estan bien,10/14/23,Omar
Las dos son unbelievable,10/14/23,Omar
That's how I see it anyway,10/14/23,Omar
Solo cambia esa,10/14/23,Omar
Vavavava,10/14/23,Omar
Nop,10/14/23,Omar
A fuerzas bro,10/14/23,Omar
Te veré en AV5,10/14/23,Omar
Ya voy de regreso pai,11/18/23,Omar
Oye we,12/18/23,Omar
"Mariana anda preguntando por ti, me pidió tu número",12/18/23,Omar
Se lo pasó? Xd,12/18/23,Omar
Va we,12/18/23,Omar
Qué hay we,3/23/24,Omar
"No sabía que serán dos, pero va, lo mandamos al mismo tiempo",3/27/24,Omar
"Solo no se te olvidé entrar a la junta informativa en Skype, no pagues nada hasta que nos expliquen bien que onda",3/27/24,Omar
"Ah, ciertoooo",3/27/24,Omar
De seguro funcionará hasta el día de la junta,3/27/24,Omar
Qué hay bro,4/19/24,Omar
Oye ¿Ya enviaste el formulario para la inscripción a CELEX?,4/19/24,Omar
"No, hoy haré el pago y llenaré el formulario",4/19/24,Omar
Yo creo si daré una repasada hoy en la tarde,4/19/24,Omar
Oye bro,4/26/24,Omar
No te han mandado algún mensaje acerca del CELEX,4/26/24,Omar
Como el canal de classroom o algo así?,4/26/24,Omar
Ah no manches,4/26/24,Omar
Acabó de revisar y me mandó el correo jajajaja,4/26/24,Omar
Igual saque un avanzado 4 pero la neta yo ando en un básico 3 😂😂😂,4/26/24,Omar
"Ojalá que si bro, ya es el último escalón",4/26/24,Omar
Va X2,4/26/24,Omar
"Si, yo te aparto un lugar cuando llegue jaja",4/27/24,Omar
Voy llegando jajaja,4/27/24,Omar
Qué salón es?,4/27/24,Omar
Tengo un chingo de sueño jajaja,4/27/24,Omar
Es que me fui a dormir a las 7 de la tarde noche,4/27/24,Omar
Cuál?,4/27/24,Omar
Spear time?,4/27/24,Omar
O como se diga jajaja,4/27/24,Omar
Vavavava,4/27/24,Omar
Ahorita le pregunto,4/27/24,Omar
No le mentaste su madre? 😂,05/06/2024,Omar
"Mames, se ve bien Godínez para ir a la Uni 😆",05/06/2024,Omar
Qué hay we? Cómo estás?,5/23/24,Omar
"En donde yo he comprado es en el plantón de Hidalgo, justo saliendo de la estación del metro del lado de la AV. Hidalgo, no tengo un contacto, solo he ido y ahí te empiezan a ofrecer o tú te acercas a preguntar a alguien que se vea que vende y listo, andan en $50 el churro",5/23/24,Omar
Ya traigo tu toque mi bro,5/24/24,Omar
Quieres uno o dos?,5/24/24,Omar
"va, aparta unos 100 varos para mañana",5/24/24,Omar
Que oferton!,5/24/24,Omar
"No we, awanta un rato más, aún andamos viendo cosas importantes",5/25/24,Omar
Jajajaa,5/25/24,Omar
Va,5/25/24,Omar
"Bueno, 1:15 y nos vamos juntos jajaja",5/25/24,Omar
Me lleva la verga we,10/12/2024,Omar
No hay internet,10/12/2024,Omar
Me sentó con este we que tiene un tic raro,10/12/2024,Omar
Y el Aldo ya anda hablando de feminismo ptm jajajaja,10/12/2024,Omar
Hace un ruidito con su garganta jajajaja cada medio minuto,10/12/2024,Omar
Literal así le anda diciendo jajaja,10/12/2024,Omar
"Pinche Aldo, todo un cabrón",10/12/2024,Omar
"Cuando esté viejo y acabado como el, quiero ser así",10/12/2024,Omar
"Nmms paisano, llegaste tu y se apesto a culo la escuela, date un riego 🤢",10/15/24,Omar
"Naco ir en el casco, ni papel tienen",10/15/24,Omar
Jajajaja,10/15/24,Omar
Qué haces allá por mis rumbos? 👀,10/15/24,Omar
"No tienen para comprar papel de baño, menos van a tener para los Kleenex jajajaja",10/15/24,Omar
"Ah nmms, que chido we, disfruta 🤙🏽",10/15/24,Omar
Cuál es el starter pack? Jajaja,10/15/24,Omar
Ahí hasta arriba,10/15/24,Omar
"Literal, por ese foco",10/15/24,Omar
"No te ardas papi, yo sé cuánto quisieras que tú escuela se viera así de bonita como la ESCOM",10/15/24,Omar
A eso se va al concierto de los cigarettes ¿o no? Jajaja,10/15/24,Omar
Que te digo,10/15/24,Omar
Recién construido eh 🤙🏽,10/15/24,Omar
Así tú cuñado el sábado jajajaja,10/15/24,Omar
"El que está más hacia la calle, desde ahí hasta el pasillo que une los edificios, al fondo",10/15/24,Omar
Andale,10/15/24,Omar
Nmms nada wey,10/18/24,Omar
Solo el lunes me puse a estudiar vocabulario jajaja,10/18/24,Omar
Wey ando bien pedo jajajaka,10/18/24,Omar
Y justo vine a recoger la nave nueva,10/18/24,Omar
"Pues si bro, que sea lo que dios quiera, mañana con el miedo te acordarás de todo jajajaja",10/18/24,Omar
"A jugar billar ahí por la raza, pero me tomé como 7 cheves jajaja",10/18/24,Omar
"Gracias we, si está chulo y chido jaja",10/18/24,Omar
"Si we, a ver si me acuerdo mañana. Jajajajaja",10/18/24,Omar
Y tú estudiaste we?,10/18/24,Omar
Mames weeee,10/20/24,Omar
No sé 🫣,10/20/24,Omar
Y qué tal en enero 18?,10/20/24,Omar
Mira esto,10/20/24,Omar
https://rosaliadecastroexams.com/faq/cual-es-la-diferencia-entre-las-modalidades-cb-computer-based-y-pb-paper-based-5/,10/20/24,Omar
No está nada mal la opción computer based,10/20/24,Omar
Pero piénsalo un rato y me dices para ver qué hago,10/20/24,Omar
A la madre we 🫠🫠🫠,10/20/24,Omar
Weeeeee,10/20/24,Omar
"Osea que te diga si con el examen que hicimos ayer, el cree que sea buena idea aplicarlo",10/20/24,Omar
Qué hay we?,10/24/24,Omar
"Perdón, se me fue el pedo por la escuela y ya no te respondí",10/24/24,Omar
A huevo pa 😎,10/24/24,Omar
Y esto we?,10/24/24,Omar
"Oye nmms, que chido lo que me mandaste",10/24/24,Omar
16,05/05/2019,Itza
😍😍😍😍,5/29/19,Itza
Es bellísimo,5/29/19,Itza
Que paso???,6/18/19,Itza
Lo manda Evelyn,7/20/19,Itza
"Bueno, mañana en la mañana",7/20/19,Itza
Nop,7/21/19,Itza
Ah perdón,7/21/19,Itza
Digo si,7/21/19,Itza
Aquí las traigo,7/21/19,Itza
Kakas,7/22/19,Itza
Tocame la corneta 7u7,7/22/19,Itza
Vaaaaa,7/22/19,Itza
Espera,7/22/19,Itza
Wee,7/22/19,Itza
Voltea,7/22/19,Itza
Volteaaaa,7/22/19,Itza
"A sí, está bien itza",7/22/19,Itza
Me dices cuándo me salga,7/22/19,Itza
Sip,7/22/19,Itza
Camara weeee,7/22/19,Itza
🤬🤬🤬🤬,7/22/19,Itza
Ya ando aquí como menso desde hace 15 minutos,7/22/19,Itza
Corre,7/22/19,Itza
Corre,7/22/19,Itza
Plis,7/22/19,Itza
Bb,7/22/19,Itza
🥺🥺🥺🥺,7/22/19,Itza
🥺🥺🥺🥺,7/22/19,Itza
🥺🥺🖕🏼,7/22/19,Itza
Bueno va ❤️🥺,7/22/19,Itza
Qué nos vamos a las 8 dijo 🍦,7/22/19,Itza
Me voy a despertar como 7:30,7/22/19,Itza
Me lo dijo 🍦🍦🍦,7/22/19,Itza
😂😂😂🤣😆,7/22/19,Itza
Voy,7/23/19,Itza
Ya te estás cambiando?,7/24/19,Itza
En una????,7/24/19,Itza
Nmms 💔,7/24/19,Itza
Bueno tú me avisas a qué hora,7/24/19,Itza
En cuanto te veo???,7/24/19,Itza
Vavava,7/24/19,Itza
"Va, dame un minuto",7/24/19,Itza
No te subas aun,7/24/19,Itza
A las pinches 8,7/27/19,Itza
😕😕😕,7/27/19,Itza
Qué estos mens se van a despertar a las 6,7/27/19,Itza
🥺🥺🥺,7/27/19,Itza
Creo que se van a ir temprano,7/27/19,Itza
Si te vas a levantar?,7/27/19,Itza
Yo digo que ya mejor descanses,7/27/19,Itza
🥰,7/27/19,Itza
Allá voy,08/10/2019,Itza
Pitzaaaa,08/11/2019,Itza
Dale a mi foto un enorme,08/11/2019,Itza
❤,08/11/2019,Itza
En cortoooo 🤪,08/11/2019,Itza
❤️,09/01/2019,Itza
💔,09/01/2019,Itza
Vientos Itza 🤩,11/23/19,Itza
Muy bonito el trofeo 🥰,11/23/19,Itza
Siéntete orgullosa 🥺❤️,11/23/19,Itza
Por dónde vienes apestosa? 🥺❤️❤️❤️,11/23/19,Itza
El pegamento en dónde se consigue,12/16/19,Itza
Está bien,12/16/19,Itza
Cual dibujo we?,12/16/19,Itza
Si itza,12/16/19,Itza
Yo voy,12/16/19,Itza
Vi esas dos,1/23/20,Itza
La de florida lo único malo es que es M,1/23/20,Itza
Que pitos???,3/25/20,Itza
"Sube por el, tambien tengo unas cosas tuyas que no te he dado",3/25/20,Itza
Subeeee weeeee,3/25/20,Itza
Contestame en Messenger :c,3/25/20,Itza
Ahorita lo hago,4/21/20,Itza
Si weeeeeeee,4/23/20,Itza
You deleted this message,4/25/20,Itza
Nel c:,4/29/20,Itza
"Si, dame 10 minutos, la compu no está encendida",05/07/2020,Itza
Será en la casa c':,05/08/2020,Itza
Ven tu we,05/08/2020,Itza
Ya estoy listo 🥺,05/08/2020,Itza
"Simon, para tomarnos nosotros dos 🥺",05/08/2020,Itza
te vale vale queso jajajajajajajajssaldglqwigdleygdiheldiaughduaegdhsygjajajajaja,5/17/20,Itza
mi tarea c:,5/17/20,Itza
Cambio de bujías,5/30/20,Itza
1.-Sistema de encendido,5/31/20,Itza
NORMAS DE AJUSTE,06/02/2020,Itza
Se ve vergas 🥴👌,6/26/20,Itza
Por qué ya no se ve lo de atrás. 😂👌,6/26/20,Itza
"Simon, o al insta 🥰",6/26/20,Itza
avenger2013,08/08/2020,Itza
Ya weeee,08/08/2020,Itza
Ahí esta,08/08/2020,Itza
"Gracias al sistema de enfriamiento, el motor de un vehículo se mantiene en la",9/29/20,Itza
No le tomes importa jaja,9/29/20,Itza
estoy chulo? 😏,9/30/20,Itza
es para una materia,9/30/20,Itza
No le hagas caso jajjaa,10/01/2020,Itza
http://meet.google.com/wwa-rkst-igp,10/06/2020,Itza
https://rodriguezruben03.wordpress.com/wp-admin/index.php,10/07/2020,Itza
https://practicasrubenrm.wordpress.com,10/08/2020,Itza
Una banda acoplada a la polea del,10/09/2020,Itza
"1. Desconecta la bateria del vehiculo. Recuerda que el airbag está en el volante y nos toca retirarlo. Terv cuidado con el anillo del airbag,",11/05/2020,Itza
Patassss,11/14/20,Itza
Weeeeee,11/14/20,Itza
Wacha,11/14/20,Itza
La pista seguía bien mojada jajajaja y pues stroll solo se fue despacito pero seguro 😂,11/14/20,Itza
Como en los videojuegos 🥴,11/14/20,Itza
https://prezi.com/ype_vpvdj0tk/historia-de-solidworks/?frame=d15cc3564e1f0e7f5a849a0ff8d7030677379ca9,11/17/20,Itza
https://prezi.com/bioyvdo9aqet/historia-y-evolucion-de-los-programas-cad/,11/17/20,Itza
https://chat.whatsapp.com/KxWnMDd3ce01CWlPHICI89,11/21/20,Itza
Sabes que patas,12/10/2020,Itza
Dile a mamá mejor de estos en la opción,12/10/2020,Itza
Necesito más unos negros que unos azules 😔,12/10/2020,Itza
Lo confirmado el día de ayer 🤠👌,12/11/2020,Itza
Dile que iba a ir a saludar pero ya no puedo pasar,12/22/20,Itza
🤧🤧🤧,12/22/20,Itza
Que paso?,12/23/20,Itza
Estoy jugando no se ven los pinches mensajes,12/23/20,Itza
Reciba dinero por responder encuestas cortas. Descargue Google Opinion Rewards ahora mismo: https://googleopinionrewards.page.link/share,12/25/20,Itza
Wey jajajajajaja,12/28/20,Itza
"Dice ""bienvenido a McDonald's, ahora dime tú puta orden""",12/28/20,Itza
😆😆😆,12/28/20,Itza
Jajaja alch,12/28/20,Itza
6752664620160778241,12/28/20,Itza
No le hagas caso,12/28/20,Itza
https://www.amazon.com.mx/Transformers-Studio-Voyager-Figura-Megatron/dp/B07WT5QSKJ/ref=sr_1_3?__mk_es_MX=%C3%85M%C3%85%C5%BD%C3%95%C3%91&crid=216OR1YFVUU7S&dchild=1&keywords=transformers&qid=1610723921&sprefix=transf%2Caps%2C200&sr=8-3#customerReviews,1/15/21,Itza
https://quizizz.com/join,1/31/21,Itza
no le des importancia jajjaa,1/31/21,Itza
You deleted this message,02/04/2021,Itza
/ ____._______.______ \,02/04/2021,Itza
/ ____._______.______ \,02/04/2021,Itza
No le hagas caso xd,2/24/21,Itza
Lo más rico que verás el día de hoy,03/05/2021,Itza
Checa tu Telegram neni,03/07/2021,Itza
"En 1954, Citroen introdujo la primera suspensión trasera autonivelante, y luego, en 1955, fue pionera en la autonivelación de las cuatro ruedas, utilizando su vástago hidroneumático. Desde entonces, millones de automóviles Citroën han sido equipados con autonivelación como una característica de diseño discreta pero integral. 1966, Rolls-Royce autorizó el sistema hidroneumático de Citroën para que se ajustara al eje trasero del Silver Shadow.",03/11/2021,Itza
"¡Se ve hermoso! Un gran diseño que va muy bien con la gama actual de autos honda, todos los cambios y actualizaciones le dan mucha frescura al modelo, como todo buen honda, se ve duradero. Posiblemente el nuevo subcompacto a vencer. Me encanto",3/14/21,Itza
"Un frente imponente con líneas agresivas , una combinación entre lo elegante y deportivo, buen balance para este segmento sin olvidar el comfort y la seguridad con distintivo de la calidad de acabados y materiales a la que Honda nos tiene acostumbrados",3/14/21,Itza
We es para una buena causa 🥺,3/14/21,Itza
Soy muy fan de este canal de radio,3/14/21,Itza
Y andan rifando un nuevo honda 🥺,3/14/21,Itza
Pero subí mi comentario y vi uno mejor que el mío y pues combine ambos 🥺,3/14/21,Itza
Puedo darle like a mi comentario desde tu insta? 🥺,3/14/21,Itza
We ando muy esperanzado,3/14/21,Itza
Arre,3/14/21,Itza
Listo,3/14/21,Itza
Ojalá les guste 👌,3/14/21,Itza
Como quiera ya borre cosas de mi insta donde se ve en que escuela voy y mi edad,3/14/21,Itza
Para que no valga kk y digan que soy menor jajaja,3/14/21,Itza
"Ni pedo, ya habrán revelado el ganador para ese momento jajaja",3/14/21,Itza
No hay vuelta de hoja,3/14/21,Itza
osvaldo_obil@yahoo.com.mx,3/15/21,Itza
https://vm.tiktok.com/ZMeSxgauK/,3/18/21,Itza
Ando en clases we 😞,3/22/21,Itza
https://vm.tiktok.com/ZMeDDdMtm/,3/23/21,Itza
"Un sprag es un tipo de embrague que girará en una dirección pero no en la otra. ... Este tipo de embrague tiene muchas aplicaciones. El bendix de un motor de arranque contiene uno y girará libremente durante unos segundos cuando el motor arranque, pero el motor de arranque todavía está activado.",3/26/21,Itza
https://es.qaz.wiki/wiki/Sprag_clutch,3/26/21,Itza
https://vm.tiktok.com/ZMefqRmLY/,04/02/2021,Itza
Vamos a ser pilotos 😳👌,04/02/2021,Itza
Hay que tener fe jajaj,04/02/2021,Itza
https://vm.tiktok.com/ZMePQ8d7a/,04/04/2021,Itza
Ventajas.,4/22/21,Itza
https://www.3m.com.mx/3M/es_MX/novec-la/aplicaciones/enfriamiento-por-inmersion-novec/,4/29/21,Itza
no le hagas caso xd,4/29/21,Itza
Mándame por mensaje de que sabor de sushi quieres,4/29/21,Itza
De un chingo jajajss,4/29/21,Itza
Chécalos en Uber eats,4/29/21,Itza
Tengo que hacer tarea beybi,4/29/21,Itza
Para que los cheques bien,4/29/21,Itza
Ni me puedes por no mames jajaja 🥺,4/29/21,Itza
Oir*,4/29/21,Itza
Va güe,4/29/21,Itza
No le hagas caso,05/02/2021,Itza
🥺🥺🥺,05/02/2021,Itza
https://vm.tiktok.com/ZMeVf5U5h/,05/04/2021,Itza
9173288001,05/04/2021,Itza
"Esta bonito el coche, no?",05/06/2021,Itza
Some one to you,05/07/2021,Itza
"En México el mercado de detergentes ha venido incrementando constantemente, esto se debe principalmente al crecimiento demográfico que ha experimentado el país en los últimos años por lo cual el mercado ha aumentado.",05/07/2021,Itza
El objetivo final del análisis del mercado es el poder determinar el mercado meta del total de consumidores que existen de productos de limpieza en México.,05/07/2021,Itza
You deleted this message,05/10/2021,Itza
Cómo crecen 🥺🥺🥺,05/10/2021,Itza
Weeeeeee,5/28/21,Itza
HISTORIA DE LA TEORÍA DE LAS ONDAS,06/08/2021,Itza
"medio (el aire) y en forma de onda. Isaac Newton publicó una descripción matemática sobre cómo el sonido viaja en su recorrido. En el siglo 18, el matemático y científico Francés Jean Le Rond d'Alembert derivó la ecuación de la onda, una completa y general descripción matemática de las ondas. Esta ecuación constituyó la base para las siguientes generaciones de científicos que estudiaron y describieron el fenomeno de las ondas.",06/08/2021,Itza
"estas serian las actualmente conocidas como ondas mecánicas. Despues Huygens supuso que todo objeto luminoso produce perturbaciones en el éter, al igual que un silbato en el aire o una piedra en el agua, las cuales dan lugar a ondulaciones regulares que se propagan a su través en todas las direcciones del espacio en forma de ondas esféricas, este descubrimiento seria la base para la definición acutal de onda electromagnética como la forma de propagación de la radiacion electromagnetica a través del espacio.",06/08/2021,Itza
La luz se refleja,06/08/2021,Itza
Weeeee,06/09/2021,Itza
Es papá jajajaja,06/09/2021,Itza
Jajaja,06/11/2021,Itza
You deleted this message,06/12/2021,Itza
"Yo fui por sushi, culoooo",06/12/2021,Itza
"Que cola, es pizza hut",06/12/2021,Itza
Guardame un jamón 🥺🤞,06/12/2021,Itza
Mames,06/12/2021,Itza
Cómo que también se acabaron los libros de boulevard,06/12/2021,Itza
We jajajajaj,06/12/2021,Itza
You deleted this message,6/20/21,Itza
Itza!!!!,6/20/21,Itza
Itza!!!!,6/20/21,Itza
Itza!!!!,6/20/21,Itza
Ahhhhh,6/20/21,Itza
Se me salió un pedo 🙃,6/20/21,Itza
Jajajaja,6/20/21,Itza
Cámara pon esa de fondo,6/20/21,Itza
Esta,6/20/21,Itza
Weeeeee,6/26/21,Itza
Mande,6/26/21,Itza
"Si we, yo.te llevo",6/26/21,Itza
Cuando acabes le marcas al jefe o a mi,6/27/21,Itza
Estoy en la salida,6/27/21,Itza
You deleted this message,07/06/2021,Itza
Itzaaaaa,07/08/2021,Itza
Me tiré un pedote,07/08/2021,Itza
☹️,07/08/2021,Itza
No manches jajaja,7/15/21,Itza
No te bañes ya,7/15/21,Itza
Dile a papá,7/15/21,Itza
O bañate con el agua de los botes jajaja,7/15/21,Itza
Con Canek,7/15/21,Itza
Si,7/15/21,Itza
Espera,7/15/21,Itza
Que la dejes salir tantito,7/15/21,Itza
Otro rato jajaja,7/15/21,Itza
https://vm.tiktok.com/ZMdpdSBkx/,7/18/21,Itza
https://vm.tiktok.com/ZMdpdNv9w/,7/18/21,Itza
https://vm.tiktok.com/ZMdpdnaVh/,7/18/21,Itza
https://vm.tiktok.com/ZMdpRw5bs/,7/18/21,Itza
Esta perro 😎🤙,7/24/21,Itza
Perrin*,7/24/21,Itza
"Creo que sí, llegue en el último punto jajsja",7/24/21,Itza
Ambos son potencia dicen,7/24/21,Itza
"No es canal, está en vivo con el nombre ""voleibol""",7/24/21,Itza
En el yutu,7/24/21,Itza
Esta chulo?,7/24/21,Itza
"Es para Melissa, de regalo",7/24/21,Itza
Te late?,7/28/21,Itza
O te busco otro?,7/28/21,Itza
O están esos,7/28/21,Itza
El Subaru WRX STI 😎✌️,7/28/21,Itza
Ahí voy itza,7/29/21,Itza
Ja,7/31/21,Itza
Alv,7/31/21,Itza
https://vm.tiktok.com/ZMdTeJs5y/,08/03/2021,Itza
https://vm.tiktok.com/ZMdE3WwW1/,08/09/2021,Itza
Weeeeeeey,08/09/2021,Itza
Si o queso,08/09/2021,Itza
Weeeeeeee,08/10/2021,Itza
Euuuu,8/20/21,Itza
Jajajaja,8/20/21,Itza
Nmms,8/20/21,Itza
Ahí voy,8/20/21,Itza
Babad,8/20/21,Itza
Babas*,8/20/21,Itza
Ya entraste?,8/21/21,Itza
Itzaaaaaa,8/21/21,Itza
Va,8/21/21,Itza
Conecta el cable,8/21/21,Itza
Cuando empiece apaga el internet de tu cel,8/21/21,Itza
Y te metes a face,8/21/21,Itza
En la laptop,8/21/21,Itza
Por si me quieres preguntar algo,8/21/21,Itza
"Voy a apagar mi internet, chao",8/21/21,Itza
Tobey Maguire FanClub (@tobey_maguire2) Tweeted:,8/22/21,Itza
Weeeeeey,8/22/21,Itza
Alv,8/22/21,Itza
Alverguisima,8/22/21,Itza
Ahhhhhhhhhhhhh,8/22/21,Itza
"Se filtró, es oficial, nada fake",8/22/21,Itza
Marvel hace los posible por borrar todo del Internet,8/22/21,Itza
Veloooooo,8/22/21,Itza
Antes que sea tarde,8/22/21,Itza
"Los rayos son de electro, en el suelo se ve una granada del duende verde y al final uffff",8/22/21,Itza
Rikisimo,8/22/21,Itza
Ve mis mensajes,8/22/21,Itza
Xd,8/22/21,Itza
Siiiii,8/22/21,Itza
Weeee,8/22/21,Itza
Siiiii,8/22/21,Itza
Y electro de el sorprendente,8/22/21,Itza
Y tal vez el duende del primero,8/22/21,Itza
Y octopus original c:,8/22/21,Itza
Sony anda borrando todo 😩,8/22/21,Itza
Se vio mamalon?,8/22/21,Itza
Hicieron un evento para mostrar el tráiler a unos cuantos en secreto y algún trabajador lo filtro,8/22/21,Itza
WebOS jajajajaja,8/22/21,Itza
Mamo,8/22/21,Itza
Simón 😂,8/22/21,Itza
Veeeen,8/22/21,Itza
https://vm.tiktok.com/ZMRMxmPQW/,8/26/21,Itza
Arumi cerrando ciclos,8/29/21,Itza
Xdn't,8/29/21,Itza
Te falta este,09/01/2021,Itza
Listo jajajqja,09/01/2021,Itza
El paquete completo jsjsjs,09/01/2021,Itza
Sip,09/03/2021,Itza
Dile plocs,09/03/2021,Itza
Dile que gris,09/03/2021,Itza
Plis,09/03/2021,Itza
https://www.nonolive.com/room/49253795,09/05/2021,Itza
Si jajajja,09/07/2021,Itza
Deja busco,09/07/2021,Itza
Ya se armó 🤑🤟,09/07/2021,Itza
Neta weeeee,09/07/2021,Itza
Pasa preguntas,09/07/2021,Itza
🥲,09/07/2021,Itza
Te ayudo desde aquí,09/07/2021,Itza
Que paso? :((,09/07/2021,Itza
Te dijo algo la maestra?,09/07/2021,Itza
No,09/10/2021,Itza
Cómo que peda?,09/10/2021,Itza
"Responsabilidad ante Dios. Las creencias también sostienen la responsabilidad. Y las creencias religiosas nos hacen pensar que la responsabilidad no solo es ante los hombres o ante la naturaleza, sino ante Dios. Quizá sea así, siempre que la idea de Dios no encubra ni delitos contra la humanidad ni otros tipos de prácticas inmorales6, es decir, nos haga irresponsables. Ser responsable ante Dios es ser fieles a la enseñanza o a los mandatos que se suponen superiores. Sin embargo, cuando por ser fiel a Dios (mejor sería decir “a mis creencias acerca de Dios”) hiero la dignidad del otro, entonces los criterios de mi responsabilidad ya no se pueden someter solo a parámetros religiosos, sino a criterios morales o jurídicos7.",09/12/2021,Itza
E weee,9/13/21,Itza
Quieres una llave?,9/13/21,Itza
listo,9/16/21,Itza
Lo encontré jajaja,9/17/21,Itza
Ahí voy,9/19/21,Itza
ahorita lo imprimo,9/21/21,Itza
ponle imagenes y ledas una leida al trabajo en word,9/21/21,Itza
cada colo marca de donde a donde va cada diapositiva para que no te pierdas,9/21/21,Itza
e el power viene cortado para que digas más,9/21/21,Itza
"lo de rojo son los subtemas, solo para que te guies",9/21/21,Itza
https://vm.tiktok.com/ZMRpoFqyQ/,9/23/21,Itza
https://vm.tiktok.com/ZMRpohNr3/,9/23/21,Itza
https://vm.tiktok.com/ZMRpoAHQC/,9/23/21,Itza
https://vm.tiktok.com/ZMRpokaTm/,9/23/21,Itza
https://vm.tiktok.com/ZMRpoM39M/,9/23/21,Itza
https://vm.tiktok.com/ZMRpoanj6/,9/23/21,Itza
https://vm.tiktok.com/ZMRpoFnVC/,9/23/21,Itza
https://vm.tiktok.com/ZMRpoaFGH/,9/23/21,Itza
https://vm.tiktok.com/ZMRpo59BU/,9/23/21,Itza
https://vm.tiktok.com/ZMRpo62Xs/,9/23/21,Itza
https://vm.tiktok.com/ZMRpofyt3/,9/23/21,Itza
https://vm.tiktok.com/ZMRpoF6FB/,9/23/21,Itza
https://vm.tiktok.com/ZMRpoPpQH/,9/23/21,Itza
https://vm.tiktok.com/ZMRsE9VoP/,9/24/21,Itza
Como es la concepción del humano en la Biblia de Israel,9/26/21,Itza
Como es la concepción del humano de Israel en la biblia,9/26/21,Itza
Concepción del humano en la biblia hebrea,9/26/21,Itza
Biblia hebrea concepción del humano,9/26/21,Itza
"Cuáles usamos en whats, Telegram o lo que quieras? 😂😂😂😂",9/27/21,Itza
Vavava de aquí a la siguiente carrera jajaja,9/27/21,Itza
Yo quiero la de checo con la llanta como Jesús 😂,9/27/21,Itza
Vavavava,9/27/21,Itza
Nop,10/01/2021,Itza
Siiiiii uuuueeee,10/01/2021,Itza
Tienes 7 mal jajajaja,10/01/2021,Itza
Me das lástima y pena 🤦,10/01/2021,Itza
https://mob.nonolive.com/room/49253795,10/10/2021,Itza
Esos han juntos,10/10/2021,Itza
Van*,10/10/2021,Itza
"a corto plazo el crecimiento económico genera un mayor  deterioro medio ambiental, pero en el largo plazo, en la medida que las economías son más ricas, se plantea que el crecimiento económico es beneficioso para el medio ambiente, esto es, la calidad del medio ambiente mejora con el incremento en el ingreso.",10/10/2021,Itza
En la de bloqueo c:,10/11/2021,Itza
Sea discreta 😎🤙,10/11/2021,Itza
Sacan a dos usuarios del Cablebús por riña en Línea 2,10/14/21,Itza
Pinche graciosita,10/15/21,Itza
https://vm.tiktok.com/ZM8jFneVE/,10/15/21,Itza
"Wey así hazle a ""Y"" 😂",10/16/21,Itza
Sip,10/16/21,Itza
Ahí voy,10/16/21,Itza
Bajo en 3,10/16/21,Itza
Ya voy,10/16/21,Itza
Dile que bajo con el papá de meli,10/16/21,Itza
Mazapán 🥵👌,10/17/21,Itza
Vas,10/17/21,Itza
https://tinyurl.com/octubrecelexinscripciones,10/18/21,Itza
https://vm.tiktok.com/ZM8hmLVDf/,10/19/21,Itza
https://vm.tiktok.com/ZM8havs1u/,10/19/21,Itza
https://vm.tiktok.com/ZM8haG7tU/,10/19/21,Itza
https://vm.tiktok.com/ZM8ha7NFF/,10/19/21,Itza
https://vm.tiktok.com/ZM8hmRoPy/,10/19/21,Itza
https://vm.tiktok.com/ZM8hapo9H/,10/19/21,Itza
https://www.nonolive.com/room/49253795,10/22/21,Itza
https://trovo.live/Marcus_F1,10/22/21,Itza
https://trovo.live/Marcus_F1_,10/24/21,Itza
?,11/03/2021,Itza
Veeeeen,11/03/2021,Itza
Ando haciendo una tarea de Melissa,11/03/2021,Itza
Veeeeeeeen,11/03/2021,Itza
Veeeeeeen,11/03/2021,Itza
Correeeeee,11/03/2021,Itza
Veeeeeeeññññ,11/03/2021,Itza
"Si, pero no a que hora",11/03/2021,Itza
Veeeeeeen,11/03/2021,Itza
Veeeeeeen,11/03/2021,Itza
Yo siempre vooooy,11/03/2021,Itza
Veeeeen tuuuuu,11/03/2021,Itza
JAJAJAJAJA alv,11/03/2021,Itza
Veeeeeeen weeeeey,11/03/2021,Itza
https://www.nonolive.com/room/49253795,11/05/2021,Itza
1 y 2,11/05/2021,Itza
Typical Sunday day,11/05/2021,Itza
Voy jajaja,11/06/2021,Itza
Pitza,11/07/2021,Itza
No pude,11/07/2021,Itza
Ni en el celular ni en mi computadora,11/07/2021,Itza
en un pequeño descanso,11/07/2021,Itza
Tendrá que ser desde tu laptop,11/07/2021,Itza
Aquí no me deja :(,11/07/2021,Itza
Acabo de intentar,11/07/2021,Itza
Ah espera,11/07/2021,Itza
Ya no entres desde tu laptop,11/07/2021,Itza
Dice que puedo hacerlo dentro de 4 horas cuando deshabiliten tu sesión de la laptop,11/07/2021,Itza
Simon,11/07/2021,Itza
Aquí jala mejor,11/07/2021,Itza
Love u too,11/07/2021,Itza
Milk. White poison or healthy drink? Personal opinion,11/12/2021,Itza
https://omlet.gg/stream/gdelafue002,11/14/21,Itza
no les hagas caso,11/19/21,Itza
Weeeee,11/30/21,Itza
Si llama papá dile que estoy cagando jajaja,11/30/21,Itza
Que el celular lo he de hacer dejado en mi cuarto,11/30/21,Itza
Ya estoy aquí,11/30/21,Itza
Nel,11/30/21,Itza
Por si acaso,11/30/21,Itza
"Nel, solo unos cuantos",11/30/21,Itza
"Nel we, aún ni abren",11/30/21,Itza
Iré a San Esteban,11/30/21,Itza
Ahí ya están vendiendo,11/30/21,Itza
"Simon, dile a mamá chela que estoy formado",11/30/21,Itza
Pero que ya estoy en San Esteban,11/30/21,Itza
Solo si pregunta,11/30/21,Itza
Vlv,11/30/21,Itza
Mandé?,11/30/21,Itza
Ya mamo,11/30/21,Itza
Voy para la casa,11/30/21,Itza
Que paso?,11/30/21,Itza
Los voy a comprar en línea mañana si se restaura la página,11/30/21,Itza
Melissa's,11/30/21,Itza
"Igual, 17",11/30/21,Itza
Si no el viernes yo voy a ver,11/30/21,Itza
Weeeeeey!!!,12/01/2021,Itza
Ya tengo los boletos 😭🤟,12/01/2021,Itza
Neta,12/01/2021,Itza
Los compro Meli,12/01/2021,Itza
"En línea, la página ya se restauró hoy en la madrugada",12/01/2021,Itza
"Y los cheque, entonces le dije que si los podía comprar y apenas lo hicimos",12/01/2021,Itza
11:50,12/01/2021,Itza
En el hospital hollywood,12/01/2021,Itza
Cine*,12/01/2021,Itza
Jajaja,12/01/2021,Itza
El que está atribita de la plaza,12/01/2021,Itza
Dile a Cynthia que ya y que sólo encontramos a esa hora,12/01/2021,Itza
Si habían más funciones,12/01/2021,Itza
Pero no quiero que sea tarde para que...,12/01/2021,Itza
"Le podamos dar la pinta a papá de ""nos vamos a las 12"" pero a esa hora ya estar en el cine y no sienta que no sabe de nosotros por mucho tiempo",12/01/2021,Itza
Simón 17,12/01/2021,Itza
Ahorita te veo c:,12/01/2021,Itza
Si es cierto,12/01/2021,Itza
La vamos a ver en 3d,12/01/2021,Itza
Me dolió 😩😩😩,12/01/2021,Itza
Cool?,12/01/2021,Itza
Nuestros asientos,12/01/2021,Itza
"No le hagas caso, patas",12/03/2021,Itza
Oki,12/04/2021,Itza
Repruebas más de tres materias,12/13/21,Itza
Ya no te puedes reinscribir si no pasas esas tres en los ets,12/13/21,Itza
Te chingas,12/13/21,Itza
Te esperas un año y repites semestre jajaja,12/13/21,Itza
"Repruebas las materias, te reincribes y las materias las pasas al mismo tiempo",12/13/21,Itza
En la mañana vas Agus clases de segundo,12/13/21,Itza
En la tarde vas a las reprobadas,12/13/21,Itza
Nel,12/13/21,Itza
You deleted this message,12/21/21,Itza
Ya voy cerda,12/24/21,Itza
Es que weeee,12/24/21,Itza
Neta no sale,12/24/21,Itza
Me duele 😢,12/24/21,Itza
b2kgV2XrGH,01/04/2022,Itza
Por qué?,01/07/2022,Itza
Jajajaja,01/07/2022,Itza
Alv,01/07/2022,Itza
Weeee,01/07/2022,Itza
Manda foto,01/07/2022,Itza
Jajajajajajajajaja,01/07/2022,Itza
Nmms,01/07/2022,Itza
😂😂😂😂😂,01/07/2022,Itza
Así en corto,01/07/2022,Itza
Baja la mano,01/07/2022,Itza
Del colchon,01/07/2022,Itza
Ahí tómala,01/07/2022,Itza
Jajaja qué cagado we,01/07/2022,Itza
Solo regalamos dos,01/07/2022,Itza
Mamá y abuelita,01/07/2022,Itza
El otro se lo damos a alguien de amigos,01/07/2022,Itza
Pero quién?,01/07/2022,Itza
"Wey, dáselo al Edson",01/07/2022,Itza
Simón,01/07/2022,Itza
Al Valentín jajajsja,01/07/2022,Itza
Caca,01/09/2022,Itza
https://vm.tiktok.com/ZML1ERYNn/,01/12/2022,Itza
Voy,1/13/22,Itza
Weeee,1/14/22,Itza
Jajaja,1/14/22,Itza
Xd,1/14/22,Itza
Ponle algo random jajaja,1/14/22,Itza
La vaca lola,1/14/22,Itza
Se ve perron,1/22/22,Itza
Ni a mí jajaja,1/22/22,Itza
Jaja si se ve,1/22/22,Itza
Y eso que es grande,1/22/22,Itza
Weeeeeey,1/27/22,Itza
Wachaleeeee,1/27/22,Itza
Patas,1/27/22,Itza
"No digas nada, en buen plan",1/27/22,Itza
Pero si siento kks que luego solo me responda así xd,1/27/22,Itza
"Ah, ya me mandó otro mensaje xd",1/27/22,Itza
Pensaba que a ti te hacía más plática 😂,1/27/22,Itza
No pues estamos igual jajaja,1/27/22,Itza
Para que te compre?,1/27/22,Itza
Cool,1/27/22,Itza
Tons le diré así en caliente lo del curso,1/27/22,Itza
Jsjsjs,1/27/22,Itza
Deja tiendo mi cama y bajamos,1/28/22,Itza
"Ya voy, awantaaa",1/28/22,Itza
Ahorita voy,02/01/2022,Itza
Villa1000,02/01/2022,Itza
Y que tal?,02/08/2022,Itza
Se siente raro?,02/08/2022,Itza
En qué clase andas?,02/08/2022,Itza
Voy llegando a la casa,02/08/2022,Itza
Y tú we?,02/08/2022,Itza
Porque después de dejar el coche,02/08/2022,Itza
Fuimos a sacar mi tarjeta de débito,02/08/2022,Itza
Y después pasamos por un café para que pagara con la tarjeta,02/08/2022,Itza
Si se pudo! Xd,02/08/2022,Itza
Después el uber se equivocó de ruta y nos tardamos un friego,02/08/2022,Itza
Dile a Villa1000 que huevos,02/08/2022,Itza
Pusi,02/08/2022,Itza
"Cuando sales de San Bartolo para el molino, en lugar de irse por jardines para salir por mi kinder, el wey se siguió por la avenida y se fue hacia la primero de mayo",02/08/2022,Itza
Se metió en la siguiente calle que son de bodegas y habían trailers metiéndose,02/08/2022,Itza
Y ahí nos quedamos un buen,02/08/2022,Itza
Webos,02/10/2022,Itza
Toy bien y tú?,02/10/2022,Itza
Qué clase?,02/10/2022,Itza
no podré ir por ti :((,02/10/2022,Itza
Te regresas con cuidado,02/10/2022,Itza
Laboratorio?,02/10/2022,Itza
Entro a la 1:30,02/10/2022,Itza
😴😴😴😴,02/10/2022,Itza
Me mandas ubi cuando vengas para acá,02/10/2022,Itza
Terminando de ver la peli de super bad,02/10/2022,Itza
Y tú? Jajajajja,02/10/2022,Itza
"La del gordito que dice ""ya lo sé maricon, ya lo seeee""",02/10/2022,Itza
Fugaaaa,02/10/2022,Itza
Salte,02/10/2022,Itza
Jajaja,02/10/2022,Itza
Está chida jajaja,02/10/2022,Itza
Respondiendo con memes random xd,02/11/2022,Itza
En qué clase andas?,02/11/2022,Itza
"Cuando llegue, le dicen que ya están hasta la madre de esperarlo 👿",02/11/2022,Itza
"Nah, es chido",02/11/2022,Itza
Mi compa el madrolas,02/11/2022,Itza
Weeeeey,02/11/2022,Itza
Jajajaja,02/11/2022,Itza
José Luis basado,02/11/2022,Itza
Okey,02/11/2022,Itza
Va,02/11/2022,Itza
Y solo lo dejo ahí?,02/11/2022,Itza
Pa que?,02/12/2022,Itza
Pinche chamaca,02/12/2022,Itza
Franchesco,02/12/2022,Itza
Dime weeee,02/12/2022,Itza
Fiauuun,02/12/2022,Itza
Pito,02/12/2022,Itza
Jajajajaja,02/12/2022,Itza
Ya dense un beso,02/12/2022,Itza
Recordando a la Jenny,02/12/2022,Itza
Jajajajaja,02/12/2022,Itza
Wey jajajaja qué kgado,02/12/2022,Itza
No Lupe esto se salió de control,02/12/2022,Itza
Y ella te vio?,02/12/2022,Itza
Jajaja,02/12/2022,Itza
Alv,02/12/2022,Itza
Desde donde estabas viendo?,02/12/2022,Itza
Y se quedó ahí un rato?,02/12/2022,Itza
Nel we,02/12/2022,Itza
Ando culeado,02/12/2022,Itza
Alch,02/12/2022,Itza
:((,02/12/2022,Itza
Jsjsjs,02/12/2022,Itza
Por qué?,02/12/2022,Itza
Cuentaaaa,02/12/2022,Itza
We,02/12/2022,Itza
Me conoces,02/12/2022,Itza
Todo entre tú y yo,02/12/2022,Itza
Ajá,02/12/2022,Itza
Ya todos se aman we,02/12/2022,Itza
😭🙏,02/12/2022,Itza
Te amo!,02/12/2022,Itza
😖❤️,02/12/2022,Itza
Verlos borracho es tan 🛐,02/12/2022,Itza
Jajajaja,02/12/2022,Itza
Eso ❤️,02/12/2022,Itza
We la tony es la mejor de tod@s borrachos jajaja,02/12/2022,Itza
Maluma bby 😖🙏🙏,02/12/2022,Itza
Por qué se pelearon?,02/12/2022,Itza
Jajajaja,02/12/2022,Itza
Ni ví nada,02/12/2022,Itza
Su primer intento de hij@,02/12/2022,Itza
Jsjsjs,02/12/2022,Itza
Pero no entendí que pasó,02/12/2022,Itza
Que Arely terminó ahí jajaja,02/12/2022,Itza
We ya se,2/14/22,Itza
Tampoco papá,2/14/22,Itza
Nmms,2/14/22,Itza
Jajajaja,2/14/22,Itza
Pero se irán por la despensa,2/14/22,Itza
Me dejarán un rato solo,2/14/22,Itza
Xd,2/14/22,Itza
Si we :((,2/14/22,Itza
Okey jajajaja,2/14/22,Itza
Ya le paro,2/14/22,Itza
Parezco gay,2/16/22,Itza
Jajaja,2/16/22,Itza
Alv que feos filtros,2/16/22,Itza
Jajajaja,2/16/22,Itza
No van conmigo,2/16/22,Itza
Vamoooos,2/21/22,Itza
Pero que pague Itza 🤠🤙,2/21/22,Itza
Jajajaj pq no?,2/21/22,Itza
Soy tu bro,2/21/22,Itza
Oye pitzaa,2/21/22,Itza
Pitzza*,2/21/22,Itza
Tú no tienes una funda para laptops? De esas delgaditas,2/21/22,Itza
Creo que hoy si me debo llevar la mamalona,2/21/22,Itza
Chale :((,2/21/22,Itza
A toda madreeee 😎,2/21/22,Itza
Pues no tuve la última clase,2/21/22,Itza
Me regrese al 10 para las 7,2/21/22,Itza
Le dió covid a mi profe :((,2/22/22,Itza
Qué clase tienes?,2/22/22,Itza
Perra hueva,2/22/22,Itza
Échale ganas jajaja,2/22/22,Itza
"Acostúmbrate, no todas las materias son divertidas",2/22/22,Itza
Weeee,2/22/22,Itza
"Me bañé, comí y me fuí",2/22/22,Itza
Alv jajaja,2/23/22,Itza
La andaba buscando hace rato xd,2/23/22,Itza
Weeeee,2/23/22,Itza
Weeeeee,2/23/22,Itza
Le voy a echar agua,2/23/22,Itza
Xd,2/23/22,Itza
Si?,2/23/22,Itza
Ok,2/23/22,Itza
Alv weeeee,2/23/22,Itza
Rusia ya empezó a tronar cuetes en Ucrania :((,2/23/22,Itza
"Rusia nos va a dar de baja, pero la vida 😎🤙",2/23/22,Itza
Mames qué?,2/26/22,Itza
.,2/27/22,Itza
.,2/27/22,Itza
.,2/27/22,Itza
.,2/27/22,Itza
Pitzaa,2/28/22,Itza
Pitzaaaaaaaa,2/28/22,Itza
Yanaaaa,2/28/22,Itza
Mames!!!!,03/07/2022,Itza
Cómo te fue?,03/07/2022,Itza
Mi tarea de hoy,03/07/2022,Itza
Por el día de la mujer,03/07/2022,Itza
Dice que webos,03/12/2022,Itza
Jajaja,03/12/2022,Itza
Te la estás pasando cool,03/12/2022,Itza
?,03/12/2022,Itza
Mis stickers no se mandan :((,03/12/2022,Itza
No hay wifi,03/12/2022,Itza
Cuál no wey,03/12/2022,Itza
Si ya vi las historias de Mildred jajaja,03/12/2022,Itza
Desde hace un ratote,03/12/2022,Itza
"We, ya llegamos aquí jajaja",03/12/2022,Itza
Pero te va a dar chance el jefazo,03/12/2022,Itza
Un poco más,03/12/2022,Itza
Ya mamaste,03/12/2022,Itza
Ya te va a marcar,03/12/2022,Itza
Ya te está marcando,03/12/2022,Itza
"Nop, ahí voy",3/16/22,Itza
Wey,3/25/22,Itza
No te sacaron de la escuela?,3/25/22,Itza
Por qué en Zacatenco hay paro por lo de voca 7,3/25/22,Itza
No iré a la escuela xd,3/25/22,Itza
Es que están haciendo marcha,3/25/22,Itza
Alv jajajaja,3/25/22,Itza
Ya le dije a papá que no tengo clases,3/25/22,Itza
"Pues si quieres voy por ti, decimos que vamos por una hamburguesa y nos vamos a satelite",3/25/22,Itza
Como tú veas,3/25/22,Itza
Pero hay que convencer a papá,3/25/22,Itza
Xd,3/25/22,Itza
Deja le digo,3/25/22,Itza
A que hr sales?,3/25/22,Itza
Verga,3/25/22,Itza
Nada xd,3/25/22,Itza
Espera,3/25/22,Itza
Quién es ese men? Jajaja,3/25/22,Itza
"Allá te veo, cara de culo",3/25/22,Itza
Ya estoy aquí,3/25/22,Itza
Del otro lado del puente,3/25/22,Itza
Yendo xd,3/25/22,Itza
Afuera de la escuela*,3/25/22,Itza
We,3/28/22,Itza
174,3/28/22,Itza
Para hacer deporte,3/28/22,Itza
Un paquete de dos playeras por 250,3/28/22,Itza
Así es,3/28/22,Itza
Hay varios modelos asi,3/28/22,Itza
En dos el paquete,3/28/22,Itza
O le compramos una sudadera deportiva los dos,3/28/22,Itza
350,3/28/22,Itza
"Si fueran el de dos playeras, igual entre los dos",3/28/22,Itza
Va,3/28/22,Itza
Deja paso a h&m,3/28/22,Itza
A ver si veo algo chido,3/28/22,Itza
Me voy a lifeties,3/28/22,Itza
Esta bien caro aquí,3/28/22,Itza
We esto,3/28/22,Itza
Y la sudadera,3/28/22,Itza
La playera está en 99,3/28/22,Itza
Y lo dividimos,3/28/22,Itza
Serían 210 cada quien,3/28/22,Itza
Simón jsjjs,3/28/22,Itza
Seguiré viendo,3/28/22,Itza
Espera 5 min,3/28/22,Itza
https://vm.tiktok.com/ZML92QJYF/,3/30/22,Itza
Yo,3/30/22,Itza
Weeee,04/04/2022,Itza
Ya le compré su regalo jsjs,04/04/2022,Itza
Una cartera mamalona,04/04/2022,Itza
Ya están!,04/07/2022,Itza
Calma,04/07/2022,Itza
De nada,04/07/2022,Itza
Ahora si buey,04/08/2022,Itza
¿Me recibes? ¡Unirse a esta frecuencia lo antes posible!,04/08/2022,Itza
https://www.youtube.com/watch?v=YVngiu5BS2o&ab_channel=MattsinLife,04/10/2022,Itza
Lo suponía,04/12/2022,Itza
Vas,4/14/22,Itza
Y yo limpio,4/14/22,Itza
En Chapultepec wey,4/15/22,Itza
Aquí te va una playlist para ti… .. de Rubén RM,4/17/22,Itza
No encontré la actualización,4/17/22,Itza
:((,4/17/22,Itza
La descargue hace como 6 meses,4/17/22,Itza
Morido,4/26/22,Itza
Canek me correteo,4/26/22,Itza
Jugando,4/26/22,Itza
Primero yo lo correteé pero no lo alcance,4/26/22,Itza
Luego el a mi,4/26/22,Itza
Xd,4/26/22,Itza
Ya,4/26/22,Itza
El pollito,4/26/22,Itza
El que hicieron ayer,4/26/22,Itza
"Si, algunas cosas",4/26/22,Itza
Tal vez algo de ejercicio,4/26/22,Itza
Bañarme,4/26/22,Itza
La tarea,4/26/22,Itza
Y ya,4/26/22,Itza
Hoy me voy temprano,4/26/22,Itza
12:15,4/26/22,Itza
Entro 1:30,4/26/22,Itza
Mañana,4/28/22,Itza
No le hagas caso xd,4/28/22,Itza
.,4/30/22,Itza
.,4/30/22,Itza
.,4/30/22,Itza
Yo igual jajaja,05/02/2022,Itza
Tu por qué?,05/02/2022,Itza
Exámen,05/02/2022,Itza
"Durante la batalla legal de Carroll, SCL se declaró en bancarrota después de descubrirse que el trabajo de Cambridge Analytica violaba las leyes de privacidad de Reino Unido. El ICO emitió la siguiente declaración: ""Si el SCL aún existiera en su forma original, nuestra intención habría sido emitir una multa sustancial por el incumplimiento grave de uno de los principios de DPA1998 (acta de protección de datos) por procesar injustamente los datos de las personas con fines políticos, incluidos los fines relacionados con las campañas presidenciales de EE. UU. de 2016"". 17​",05/03/2022,Itza
Itzaaaaaaa,05/03/2022,Itza
Sabías que no es igual la frase,05/03/2022,Itza
Tres hoyos en el techo,05/03/2022,Itza
Que,05/03/2022,Itza
Techo tres en el hoyo,05/03/2022,Itza
Itzaaaaaa,05/03/2022,Itza
Sabias que no es igual la frase,05/03/2022,Itza
A trastes huele,05/03/2022,Itza
Que,05/03/2022,Itza
Atrás te huele,05/03/2022,Itza
Itzaaaaaa,05/03/2022,Itza
Sabias que no es igual que,05/03/2022,Itza
El niño encontró un cura,05/03/2022,Itza
Que el cura encontró un niño,05/03/2022,Itza
Itzaaaaaaa,05/03/2022,Itza
Sabias que no es lo mismo,05/03/2022,Itza
Dictadura,05/03/2022,Itza
Que,05/03/2022,Itza
La dick ta' dura,05/03/2022,Itza
Estás bien?,05/04/2022,Itza
vavava,05/04/2022,Itza
"No se, como 6",05/05/2022,Itza
6:30 a lo mucho,05/05/2022,Itza
Pero iré a dejar a Meli,05/05/2022,Itza
Por?,05/05/2022,Itza
No,05/05/2022,Itza
Jajaja,05/05/2022,Itza
Por?,05/05/2022,Itza
Wey jajajaja,05/05/2022,Itza
Lo suposr,05/05/2022,Itza
Supuse*,05/05/2022,Itza
Awb awb jajaja,05/06/2022,Itza
Tus amigos se comieron uno?,05/06/2022,Itza
Que?,05/06/2022,Itza
Weeee,05/06/2022,Itza
Va a ir Tom cruise,05/06/2022,Itza
Xd,05/06/2022,Itza
Ni pedo jajajaja,05/06/2022,Itza
Ya me pegó está madre,05/07/2022,Itza
Weeeee,05/07/2022,Itza
En Facebook,05/08/2022,Itza
Busca F1 en vivo,05/08/2022,Itza
No,05/09/2022,Itza
Itzaaaaaaa,05/09/2022,Itza
Itzaaaaaa,05/09/2022,Itza
Tqm,05/09/2022,Itza
Es que weeeee,05/09/2022,Itza
No hay luz,05/09/2022,Itza
Y ya me aburrí,05/09/2022,Itza
Jajajaja,05/09/2022,Itza
No digas falacias,05/09/2022,Itza
Yo sabo,05/09/2022,Itza
Desde que llegué :((,05/09/2022,Itza
Estamos*,05/09/2022,Itza
Casi a las 9 jsjsjsj,05/09/2022,Itza
Hoy salí tarde,05/09/2022,Itza
"Así es el horario, Mija 🙄",05/09/2022,Itza
Cómo sea,05/09/2022,Itza
Ya llegaste con el jefe?,05/09/2022,Itza
Vavavava,05/09/2022,Itza
Te veo en la casa,05/09/2022,Itza
Ya vamos,05/10/2022,Itza
Por?,05/10/2022,Itza
1 Person who sails without a license and dedicates himself to assaulting ships on the high seas or stealing on the coasts.,5/14/22,Itza
"2 The most important thing is not to be afraid of anything and anyone, to be vengeful and obsessive",5/14/22,Itza
3 in the backyard of my house,5/14/22,Itza
Pito,5/15/22,Itza
Esta God 🥵,5/18/22,Itza
Adiós jajajajaja,5/23/22,Itza
C mamo,5/23/22,Itza
"Nah, solo la intro",5/27/22,Itza
Nel,5/27/22,Itza
Ando bajando música pirata,5/27/22,Itza
Alch si :((,5/27/22,Itza
Solo queda cuidarse para recuperarse rápido,5/27/22,Itza
Te lo paso,5/27/22,Itza
https://vk.com/video721677913_456239044,5/29/22,Itza
El chacalito va primero,5/29/22,Itza
En Mónaco alv!,5/29/22,Itza
Wachaaaa,5/29/22,Itza
Marco vuelta rápida 🥹,5/29/22,Itza
Es que atrasaron la carrera una hora por lluvia,5/29/22,Itza
Y después pinche Schumacher se chocó bien feo y hubo bandera roja,5/29/22,Itza
Entonces si la carrera no acaba en un promedio de 1:30 HRS que son por vueltas,5/29/22,Itza
Se acaba por tiempo,5/29/22,Itza
Pa que veas 🤓,5/29/22,Itza
Ay vlv,5/29/22,Itza
Checo trae problemas en una llanta,5/29/22,Itza
Es que tuvo una frenada fea y quemó,5/29/22,Itza
Itzaaaaa,5/29/22,Itza
Nop,5/29/22,Itza
avenger2013,5/29/22,Itza
Muy xd el pedo ese,5/31/22,Itza
Se vio todo rancio jajaja,5/31/22,Itza
Te lo mando por insta,5/31/22,Itza
Eu,5/31/22,Itza
Okey,5/31/22,Itza
"Si, por?",06/03/2022,Itza
Vamos a chacotear pues,06/03/2022,Itza
Estaba lavando el carro,06/03/2022,Itza
Y luego me bañé,06/03/2022,Itza
Ahí ando desnudo escribiendo este mensaje xd,06/03/2022,Itza
Cuál puto osito Bimbo? Jajajaja,06/10/2022,Itza
Nmms!!!,06/10/2022,Itza
De qué?,06/10/2022,Itza
Dile que ya le dí de navajazos 🤠,06/10/2022,Itza
Dile que le vale verga jajajaja,06/10/2022,Itza
A fuerzas! 😈,06/10/2022,Itza
"Lenguaje Politécnico, aguante vara",06/10/2022,Itza
No le hagas caso,6/14/22,Itza
A la 1:50,6/15/22,Itza
Checa,6/15/22,Itza
En cortp,6/15/22,Itza
Corto*,6/15/22,Itza
Marcame,6/15/22,Itza
Picate la cola,6/15/22,Itza
Nada más,6/15/22,Itza
En tercero,6/16/22,Itza
Xd,6/16/22,Itza
01:50,6/16/22,Itza
Por?,6/16/22,Itza
Ahorita,6/16/22,Itza
Cámara cara de culo,6/16/22,Itza
Me traes con el Jesús en la mano,6/16/22,Itza
Por?,6/16/22,Itza
A dónde?,6/16/22,Itza
Okey,6/18/22,Itza
Voy,6/18/22,Itza
https://vk.com/video721677913_456239049,6/19/22,Itza
https://ok.ru/video/3765150293744,6/19/22,Itza
https://vk.com/video721677913_456239049,6/19/22,Itza
https://ok.ru/video/3765150293744,6/19/22,Itza
https://ok.ru/video/3765151997680,6/19/22,Itza
https://t.me/f1racefanschat?livestream,6/19/22,Itza
https://vk.com/video721677913_456239050,6/19/22,Itza
Wey,6/26/22,Itza
Lo encontré,6/26/22,Itza
Te llevo uno,6/26/22,Itza
"Yo voy a ir por ti, cara de culo",6/29/22,Itza
A las 5,6/29/22,Itza
Ni un minuto más,6/29/22,Itza
Ok,6/29/22,Itza
Jajaja mamaste,6/29/22,Itza
Papá quiere ir conmigo,6/29/22,Itza
Cagaste jajajajajajajaja,6/29/22,Itza
No viste mis mensajes cochina,6/29/22,Itza
Wey,6/29/22,Itza
Wey,6/29/22,Itza
Wey,6/29/22,Itza
Wey,6/29/22,Itza
Le dije al jefe que Cynthia se iba con su hermano,6/29/22,Itza
Por eso llegarás sola,6/29/22,Itza
O que la cola,6/29/22,Itza
Llegamos como en 20,6/29/22,Itza
Máximo,6/29/22,Itza
Ah Simón jajajaja,6/30/22,Itza
Andaba jugando Bob esponja,6/30/22,Itza
https://t.me/f1_racefans,07/03/2022,Itza
No,07/04/2022,Itza
Ok,07/04/2022,Itza
A qué hora?,07/04/2022,Itza
Weyyyy,07/08/2022,Itza
200 y viene con short,07/08/2022,Itza
Pero es para 4 años,07/08/2022,Itza
"Itza te veo por ahí de las 5:30, tal vez un poquito más",07/08/2022,Itza
Voy a la casa de Mely,07/08/2022,Itza
Por ahí en cuatro caminos,07/08/2022,Itza
En la entrada del Sears o en el cine,07/08/2022,Itza
No sé si vas a ir a comer,07/08/2022,Itza
Morado,07/11/2022,Itza
Esta bien,7/15/22,Itza
Ahorita le digo al jefe,7/15/22,Itza
Dile que hoy,7/16/22,Itza
Pero que a las 2:30,7/16/22,Itza
O a las 2,7/16/22,Itza
Como ella vea,7/16/22,Itza
"No, salgo antes",7/16/22,Itza
Como a las 12,7/16/22,Itza
Examen,7/16/22,Itza
Dile que podemos ir a las ensaladas,7/16/22,Itza
No sé dónde mas,7/16/22,Itza
Simon,7/16/22,Itza
You deleted this message,7/24/22,Itza
.,08/12/2022,Itza
Wey,8/15/22,Itza
Si sales 1:50?,8/15/22,Itza
Para ver si llego por ti,8/15/22,Itza
Ok,8/15/22,Itza
Entonces ya me regreso,8/15/22,Itza
A la casa,8/15/22,Itza
Voy,8/16/22,Itza
Me avisas,8/16/22,Itza
Traes sombrilla,8/16/22,Itza
Vente we,8/16/22,Itza
No puedo ir allá,8/16/22,Itza
Itzaaaa,8/16/22,Itza
Vavavavav,8/17/22,Itza
Voy,8/17/22,Itza
Weeeeeeee,8/17/22,Itza
Cuál gracias?,8/17/22,Itza
You deleted this message,8/17/22,Itza
Itzaaaaa,8/29/22,Itza
Oyeeeee,8/29/22,Itza
Compra un paquete de tostadas en la tienda de enfrente cuando vengas porfas,8/29/22,Itza
Qué ya casi no hay,8/29/22,Itza
Por favor 🫣,8/29/22,Itza
Solo eso plocs 🤧,8/29/22,Itza
Ya solo es cruzar la calle :((,8/29/22,Itza
Anda en el bañito,8/29/22,Itza
Xd,8/29/22,Itza
Ando*,8/29/22,Itza
"Si wey, justo le puse a las noticias y ví",09/08/2022,Itza
Nmms hace como 40 minutos la noticia era que ya estaba mal de salud,09/08/2022,Itza
Y hace 20 que ya se había petateado,09/08/2022,Itza
Justo ahora weeee,09/12/2022,Itza
Adios,09/12/2022,Itza
No we jajaja,09/12/2022,Itza
Hay fila,09/12/2022,Itza
Si we,09/12/2022,Itza
Muchas gente,09/12/2022,Itza
Xd,09/12/2022,Itza
Por?,09/12/2022,Itza
Ya acabe,09/12/2022,Itza
"Nel, todo relax",09/12/2022,Itza
"Somos ESCOM, no ESIME",09/12/2022,Itza
Que no se haga 😔🤙,09/12/2022,Itza
Ocupalas,09/12/2022,Itza
Quedatelas,09/12/2022,Itza
No las regreses,09/12/2022,Itza
Esa que ocupes te la quedas,09/12/2022,Itza
Plis,09/12/2022,Itza
Itza,9/13/22,Itza
Si hay pesos en la escuela,9/13/22,Itza
No te quedes,9/13/22,Itza
Pinche beba,9/13/22,Itza
Te dije que te regresaras rápido,9/13/22,Itza
El jefe ya sabe que los sacaron de las instalaciones,9/13/22,Itza
Cualquier cosa me avisas,9/18/22,Itza
Con cuidado cuando regreses,9/18/22,Itza
Todo bien we,9/19/22,Itza
Y tú?,9/19/22,Itza
El jefe está bien,9/19/22,Itza
Mames we,9/22/22,Itza
Ando en Zacatenco,9/22/22,Itza
Ok,9/23/22,Itza
Va a ir por ti a esa hora,10/29/22,Itza
Tienes como hasta las 11:20,10/29/22,Itza
Antes de que llegue,10/29/22,Itza
"Si tomas, bajatela 20 min antes",10/29/22,Itza
Mamada,10/29/22,Itza
Ya va saliendo el jefe,10/29/22,Itza
Esta sacando el carro,10/29/22,Itza
Ya cerró el zaguán,10/29/22,Itza
Ya se está yendo justo ahora,10/29/22,Itza
Tienes 15 min,10/29/22,Itza
Alv,10/30/22,Itza
Viciosa jajaja,10/30/22,Itza
Itzaaaaa ven,10/31/22,Itza
Me siento muy mal 😫,10/31/22,Itza
Simón jajajaja,10/31/22,Itza
Ok puta,10/31/22,Itza
Simon,11/01/2022,Itza
O donde estamos con el bebé,11/01/2022,Itza
Nmms itza,11/05/2022,Itza
Itzaaaaaa,11/05/2022,Itza
Jajajaja,11/05/2022,Itza
Al,11/05/2022,Itza
Alv*,11/05/2022,Itza
Tu amigo el barbón va conmigo en CELEX 😆,11/05/2022,Itza
Como se llama el wey?,11/05/2022,Itza
Alv si es el,11/05/2022,Itza
Jajajaja,11/05/2022,Itza
Se ve bien viejo xd,11/05/2022,Itza
Nmms no,11/05/2022,Itza
Jajajaja,11/05/2022,Itza
Será muy obvio,11/05/2022,Itza
Parece hippie,11/05/2022,Itza
O alguien que estudió filosofía en la UNAM,11/05/2022,Itza
Weeee,11/05/2022,Itza
Ando bien crudo 🤕,11/05/2022,Itza
Por qué?,11/05/2022,Itza
:((,11/05/2022,Itza
"Ojalá te de diarrea, para que no andes deseando malas cosas",11/05/2022,Itza
"No me arrepiento, la neta me la pasé chido",11/05/2022,Itza
Bien podrido jajajaja,11/05/2022,Itza
Melissa me iba cuidando y yo a ella xd,11/05/2022,Itza
Tomamos hasta que ya sentía que vomitaba jajaja,11/05/2022,Itza
"Bailamos, perreamos",11/05/2022,Itza
Nos tomamos fotos,11/05/2022,Itza
"We, Melissa se sentó en mis piernas y se agarraba de la pared de atrás porque todo le daba vueltas jajaja",11/05/2022,Itza
Nop,11/05/2022,Itza
Pero parece que el wey ya me reconoció jajaja,11/05/2022,Itza
Porque parece que me va siguiendo ajajaja,11/05/2022,Itza
Ya le iba a decir hola abuelito,11/05/2022,Itza
No,11/05/2022,Itza
Xd,11/05/2022,Itza
Bailo la pelusa,11/05/2022,Itza
Jajajaja,11/05/2022,Itza
Se veía bien cajeto,11/05/2022,Itza
"Dile que no tan guapo como el, pinche angel esculpido por dios 🥴",11/12/2022,Itza
Si we,11/12/2022,Itza
Vamos a ir jajajaja,11/12/2022,Itza
Chinga tu qlo,11/14/22,Itza
Hay un buen de fila ogt,11/14/22,Itza
"Porque también había fila, mierda",11/14/22,Itza
Ven,11/14/22,Itza
En lo que esperas a la jefa,11/14/22,Itza
Si,11/14/22,Itza
Que ya viene,11/14/22,Itza
Ven,11/14/22,Itza
Ven,11/14/22,Itza
Ni pedo,11/14/22,Itza
Tu las tienes,11/15/22,Itza
Nmms,11/15/22,Itza
Como?,11/15/22,Itza
Lo perdiste,11/15/22,Itza
?,11/15/22,Itza
Picate la cola,11/15/22,Itza
Ya estoy aquí,11/15/22,Itza
Xd,11/15/22,Itza
Weeeey,11/21/22,Itza
Papá,11/21/22,Itza
También va a pasar a la plaza,11/21/22,Itza
Nmms,11/21/22,Itza
Jajajaja,11/21/22,Itza
Cafaste,11/21/22,Itza
Cagaste*,11/21/22,Itza
Me dijo que ahí en el toreo,11/21/22,Itza
Pero a ver qué pedo,11/21/22,Itza
Que vas a hacer?,11/21/22,Itza
Ya que tú me metía rápido al cine jajaja,11/21/22,Itza
C&A,11/21/22,Itza
"En el piso de abajo, cerca de forever",11/21/22,Itza
Mames que ya la quitaron :((,11/21/22,Itza
Ni pedo,11/21/22,Itza
Se cancela,11/21/22,Itza
No hay cercanos,11/21/22,Itza
"Nel, pero hoy le digo",12/02/2022,Itza
?,12/06/2022,Itza
3,12/06/2022,Itza
Ya me fui,12/08/2022,Itza
Pásame tu número,12/09/2022,Itza
Ya tienes datos marrana,12/09/2022,Itza
Itzaaaaa,12/17/22,Itza
Me prestas un $200?,12/17/22,Itza
Te lo pagó mañana,12/17/22,Itza
Es que no quiero que papá se de cuenta que no tengo tarjeta,12/17/22,Itza
Simon,12/17/22,Itza
Te los doy mañana 🥹,12/17/22,Itza
Itza,12/19/22,Itza
Te vienes a la casa,12/19/22,Itza
Acá te vemos,12/19/22,Itza
Así dijo la jefa,12/19/22,Itza
"Por qué putas pinches chingadas colas madres mi mamá lleva putos 4 casi 5 años sabiendo de mi y Melissa y cuando tú le dices que tienes un joto de novio, compra pulseras esa misma semana y conmigo nunca hizo algo así?",12/24/22,Itza
🫠,12/24/22,Itza
Alch eso sí me emputo alv,12/24/22,Itza
Y conmigo nunca me dijo que si aceptaba que tuviera novia,12/24/22,Itza
Así ya estuviera en el bachillerato,12/24/22,Itza
Nel wey,12/24/22,Itza
Porque yo les dije a mis papás que según si la había terminado,12/24/22,Itza
Y cuando supieron que seguía con ella ya iba como en 2do o tercero,12/24/22,Itza
La neta,12/24/22,Itza
Weeee,01/07/2023,Itza
Aún lo necesitas? Jajaja,01/07/2023,Itza
Es que no hay señal jajaja,01/07/2023,Itza
Por eso no respondía,01/07/2023,Itza
En computación weeeey,1/19/23,Itza
Ahí puedes pendejear jajaja,1/19/23,Itza
Pero sería en la tarde obvio,1/19/23,Itza
En compu puedes hacer tus tareas,1/19/23,Itza
Se ve bien mamalon 🤠,1/23/23,Itza
Si,1/23/23,Itza
Tomala,1/23/23,Itza
Si los tomé,1/27/23,Itza
Estoy afuera de los tacos,1/27/23,Itza
"Yo compré un pollo, para que coma papá",1/27/23,Itza
"Comeré de esto, no quería grasa",1/27/23,Itza
Te veo en la casa?,1/27/23,Itza
Sale,1/27/23,Itza
Simon,1/29/23,Itza
Cómo vas?,1/29/23,Itza
Si está feo?,1/29/23,Itza
Cómo está saliendo?,1/29/23,Itza
No,1/29/23,Itza
Solo sigue cagando,1/29/23,Itza
Alza las piernas,1/29/23,Itza
No le hagas caso,1/30/23,Itza
Xd,1/30/23,Itza
No digas mmdas Mary Jane 😓,02/03/2023,Itza
Felicita a tu equipo por llegar a semis,02/03/2023,Itza
Por mi parte que decepción que no llegaron a la final como yo 😔🤙,02/03/2023,Itza
Ah te creas jsjsjs,02/03/2023,Itza
"Nmms yo llegué a la final sin puta dirección, llevaba diablito, no Go-Kart jajaja",02/03/2023,Itza
Dile que saludos desde Naucalpan,02/03/2023,Itza
Un jabón corporal,02/04/2023,Itza
Cómprale una sudadera XLL,02/04/2023,Itza
un gorro cholo,02/04/2023,Itza
Algo relacionado a star wars,02/04/2023,Itza
Hay hot wheels de date wars,02/04/2023,Itza
"Chidos, como las naves y asi",02/04/2023,Itza
Mañana?,02/04/2023,Itza
O tienes entrenamiento?,02/04/2023,Itza
Ya le marcaste?,02/04/2023,Itza
null,02/09/2023,Itza
Ok,02/10/2023,Itza
Sale,02/10/2023,Itza
Voy,2/13/23,Itza
.,2/13/23,Itza
Voy!,2/17/23,Itza
Webos,03/01/2023,Itza
Itzaaaa,03/01/2023,Itza
Itzaaaaa,03/01/2023,Itza
Nmms jajajaja,03/01/2023,Itza
Me metí sin chanclas,03/01/2023,Itza
Por andar mandando un mensaje,03/01/2023,Itza
Le abrí a la llave y no me di cuenta al jajaja,03/01/2023,Itza
Alv*,03/01/2023,Itza
"Tira paro y si se distrae papá , traeme mis chanclas xd",03/01/2023,Itza
Simon,03/01/2023,Itza
Pero que no las vea,03/01/2023,Itza
A ver si llega Joel y ahí me las pasas xd,03/01/2023,Itza
Si,03/03/2023,Itza
Dile a papá,03/12/2023,Itza
El le sabe,03/12/2023,Itza
Jajajaja alv,3/22/23,Itza
Donde es?,3/22/23,Itza
El molino?,3/22/23,Itza
Para que te mames tu dinero,3/28/23,Itza
Pregunta,3/28/23,Itza
Qué es mejor?,3/28/23,Itza
O una bermuda deportiva de doble malla?,3/28/23,Itza
Ey,3/28/23,Itza
Vavava,3/28/23,Itza
Ya tengo tus chocolates,3/28/23,Itza
Me debes 92,3/28/23,Itza
Al rato,3/28/23,Itza
Lo deje en el coche,3/28/23,Itza
no le hagas caso,04/03/2023,Itza
#include <iostream>,04/03/2023,Itza
https://www.racing5.cl/conoce-la-importancia-de-la-computacion-y-la-tecnologia-en-la-formula-1-con-esta-infografia/,04/03/2023,Itza
"Pues no lo estés buscando, tratarlo normal siempre y cuando el te hable",05/12/2023,Itza
"Si no, pues alv, eso demuestra lo que quería",05/12/2023,Itza
El es el de la cuenta de F1? 🥺,05/12/2023,Itza
Correle weeeee,5/14/23,Itza
Ya me trajeron la cuenta,5/14/23,Itza
Nmms,5/14/23,Itza
Ya cortarle we,5/14/23,Itza
"Ya wey, no estoy jugando",5/14/23,Itza
Ahhhhhhhh,5/14/23,Itza
Vale cheto,5/15/23,Itza
:((,5/15/23,Itza
Ahí voy,5/15/23,Itza
Aguanta,5/15/23,Itza
Estoy dando la vuelta,5/15/23,Itza
Itzaaaaa,5/23/23,Itza
Weeeeee,5/23/23,Itza
Ya vas a llegar?,5/23/23,Itza
Puedes pasar por una salsa?,5/23/23,Itza
Esque ando haciendo 💩,5/23/23,Itza
Vales verga,5/23/23,Itza
Lo sabías?,5/23/23,Itza
Voy,5/23/23,Itza
Dame dos minutos,5/23/23,Itza
"La neta si, ponle otro filtro",5/26/23,Itza
Uno que no te tape todo,5/26/23,Itza
import string,5/31/23,Itza
Si puedes comes algo,06/01/2023,Itza
"cadena = """"""Las pequeñas acciones Cotidianas De 1A gEntE comúN SON Las que MANntienen A RAYA a LA OsCuridAd""""""",06/02/2023,Itza
import pandas as pd,06/02/2023,Itza
Hawaiana,06/02/2023,Itza
Dónde estás?,06/02/2023,Itza
En el restaurante?,06/02/2023,Itza
Picadillo,06/05/2023,Itza
"Cómo tú quieras, el picadillo no está mal",06/05/2023,Itza
Voy a comprar tostadas para acompañar xd,06/05/2023,Itza
Qué?,06/07/2023,Itza
Voy,06/08/2023,Itza
Awanta,06/08/2023,Itza
Así mejor we,06/08/2023,Itza
"Ah, es que yo pensé que ibamos a poner ⅓ del total de todo lo que comimos entre los tres",06/08/2023,Itza
Y es que también le debo dinero a mí bro porque me pagó el regalo de mi sobrina porque ya no traía más,06/08/2023,Itza
Wey,6/16/23,Itza
Wey,6/16/23,Itza
Nmms,6/16/23,Itza
Se me volvió a aflojar el estómago alv,6/16/23,Itza
Ya me volví a ensuciar 😞,6/16/23,Itza
Si we,6/16/23,Itza
Aún tengo jabón alv,6/16/23,Itza
Jajajaja,6/16/23,Itza
Se va a montar todo el papel alv,6/16/23,Itza
Mojar*,6/16/23,Itza
Shhhh 🤫,6/16/23,Itza
Yo creo que sí jajaja,6/16/23,Itza
Thanks for having explained to me,6/20/23,Itza
Se te va a declarar wey,6/25/23,Itza
Haste la del rogar,6/25/23,Itza
Dile que el te vaya a buscar,6/25/23,Itza
"Si te dice una hora, dile ""mejor después de tal hr, ando ocupada a esa hr""",6/25/23,Itza
"Es que también tu we, te llega de la nada y le dices si a todo jajajaj",6/25/23,Itza
No se we,07/04/2023,Itza
Salchichas a la mexicana,07/04/2023,Itza
Para qué lo necesitas?,07/05/2023,Itza
Te pases de verrrr,07/05/2023,Itza
Ya mamaste we,07/05/2023,Itza
A qué hora es tu clase?,07/05/2023,Itza
Ahorita te lo llevo,07/05/2023,Itza
"No, nmms, aún estoy en la cama xd",07/05/2023,Itza
Es ese o no mamada?,07/05/2023,Itza
Cámara hija,07/05/2023,Itza
O ya no te lo llevo,07/05/2023,Itza
En corto,07/05/2023,Itza
Te voy a marcar y vas a salir a recogerlo a los torniquetes,07/05/2023,Itza
Camara,07/05/2023,Itza
Nah,07/05/2023,Itza
Voy a estudiar,07/05/2023,Itza
Yo más ❤️,07/05/2023,Itza
Ya ando en la casa wey,07/06/2023,Itza
Me fui antes de la 1,07/06/2023,Itza
Itzaaaa,7/20/23,Itza
Necesito la cartilla del Canek,7/20/23,Itza
En dónde está?,7/20/23,Itza
Va,7/20/23,Itza
Arre,7/20/23,Itza
Esta chida?,7/27/23,Itza
Ya las compré,7/27/23,Itza
"si, dile que ya llegué hace un rato",08/03/2023,Itza
Échale más agua y azúcar jajaja,08/04/2023,Itza
Es que le puse poco,08/04/2023,Itza
Arriba,08/04/2023,Itza
Barriendo,08/04/2023,Itza
Échale azúcar plocs,08/04/2023,Itza
Voy,08/04/2023,Itza
Tony está tragando?,08/04/2023,Itza
"Yo comeré más al rato, aún no tengo hambre",08/04/2023,Itza
Desayuné bien tarde,08/04/2023,Itza
.,08/07/2023,Itza
You deleted this message,8/14/23,Itza
Un sticker xd,8/14/23,Itza
Ando borrando,8/14/23,Itza
You deleted this message,8/14/23,Itza
You deleted this message,8/14/23,Itza
You deleted this message,8/14/23,Itza
You deleted this message,8/14/23,Itza
Ya le baje,8/25/23,Itza
Itza las ventanas!!!!,8/25/23,Itza
Plis,8/25/23,Itza
Ya en un rato me voy para la casa,8/25/23,Itza
Yo lo guardo,8/25/23,Itza
"We, andaba manejando",8/28/23,Itza
Ya te había contestado we jajaja,8/28/23,Itza
"Perdón, estaba surrando",8/28/23,Itza
"A la 1:30, pero por ser el primer día, mi clase acabo a la 1:00",8/28/23,Itza
"Todo bien, aburrido en mis dos horas libres 😴",8/28/23,Itza
Qué tal el tuyo.,8/28/23,Itza
Ya vas a llegar?,8/28/23,Itza
Cierto 😅,8/28/23,Itza
Espérate a mañana,8/28/23,Itza
We,09/08/2023,Itza
"En cuanto terminen tus clases, te lanzas a la plaza",09/08/2023,Itza
KaMarA KooleerA,9/19/23,Itza
Contesta,9/19/23,Itza
Ya tenemos Disney plus,9/19/23,Itza
rodriguezm.ruben03@gmail.com,9/20/23,Itza
Avenger13!,9/20/23,Itza
Porque lo dibujaste como si le hubieran dado un putazo jajaja,9/22/23,Itza
E?,9/25/23,Itza
"Ahorita, ya?",9/25/23,Itza
Ohhh,10/04/2023,Itza
Se ve bien chida,10/04/2023,Itza
Me gusta,10/04/2023,Itza
Maybe sin la RM,10/04/2023,Itza
"Algo, pero sería más rápida de hacer tu firma",10/04/2023,Itza
Cómo que en taller?,10/04/2023,Itza
Qué es solid edge?,10/06/2023,Itza
Ok,10/06/2023,Itza
Al rato lo checo,10/06/2023,Itza
Estoy estudiando,10/10/2023,Itza
Chi,10/10/2023,Itza
Mañana si te la presto,10/10/2023,Itza
Acá de cabrones,10/10/2023,Itza
pinche agraviosa wey,10/11/2023,Itza
Pero ni el tiempo te quita lo agraviosa,10/11/2023,Itza
"Nmms mija, todos son guapos",10/11/2023,Itza
Se me acabó el papel 😔👉👈,10/11/2023,Itza
"Con la mano, para pasarle con el dedo 🤓",10/11/2023,Itza
Hola,10/13/23,Itza
"Perdón wey, era para probar si aún tenía datos",10/13/23,Itza
Si we,10/16/23,Itza
Toyota Yaris,10/16/23,Itza
Esas son básicas de sist. Automotrices,10/16/23,Itza
Nmms,10/16/23,Itza
Bien verguera hace rato,10/16/23,Itza
Que yo tomé tu jabón y no se que mamadas más jajaja,10/16/23,Itza
"Que no, culera",10/16/23,Itza
No use tu jabón,10/16/23,Itza
Primero ponme la chinga y luego te paso el jabón ¿Va?,10/16/23,Itza
Si we,10/17/23,Itza
Es un privilegio ser participe de la formación académica de est nueva a generación de científicos,10/17/23,Itza
Esta mal escrito xd,10/17/23,Itza
La única que no le pregunté fue la #2,10/17/23,Itza
Las demás si,10/17/23,Itza
Es que llevaba prisa el wey,10/17/23,Itza
A las 2,10/19/23,Itza
"Mames, ya llegué a la casa",10/19/23,Itza
"Si, más de una vez.",10/19/23,Itza
O que no tenga*,10/19/23,Itza
Cuales otras we?,10/19/23,Itza
Alv,10/19/23,Itza
"Llamó mi atención que era una carrera muy nueva, la más nueva del IPN cuando ingresé",10/19/23,Itza
Mira el HW que acabó de comprar a un random de la escuela,10/20/23,Itza
😮‍💨,10/20/23,Itza
Renault megane,10/23/23,Itza
La electro asistida,10/23/23,Itza
"Porque es muy suave, fácil de maniobrar y ayuda al piloto al corregir movimientos bruscos",10/23/23,Itza
"Según yo no es mecánica, es auto no tan barato",10/23/23,Itza
Debe ser hidráulica,10/23/23,Itza
O electro asistida,10/23/23,Itza
Y debe de tener suspensión independiente delantera y semirrígida trasera,10/23/23,Itza
Creo que en supermercados si hay tarjetas que te venden planes para 6 meses o un año,10/25/23,Itza
Anda buscando cualquier pinche puto perro pendejo pretexto para regañarme y no dejarme ir a la fiesta,10/27/23,Itza
No we,10/27/23,Itza
Es que si tengo mi cuarto hecho un desmadre,10/27/23,Itza
Y hoy se emputo porque se me hizo tarde para la escuela y aquí en la esquina para salir al centenario le pise así bien perro flasfemo enfermo que se escuchó el carro en toda la colonia,10/27/23,Itza
"Y pues justo cuando iba bajando el centenario me marco bien emputado, diciendo ""oye chingaaa, vas bien loco, bajarle!""",10/27/23,Itza
"Y le dije ""me estoy yendo tranquilo""",10/27/23,Itza
"Y me dijo ""no manches, si te estoy viendo, vete despacio chingaaaaa""",10/27/23,Itza
06:25,10/27/23,Itza
5 minutos tarde,10/27/23,Itza
Pero nmms,10/27/23,Itza
Ahora menos va a querer que vayamos a ponerle un mofle al carro,10/27/23,Itza
Sale y vale,11/02/2023,Itza
Se ve chula,11/18/23,Itza
Buena pic,11/18/23,Itza
"A ver, enseñalos bien",11/28/23,Itza
Así o más nacos los autos? 🥵🤘,11/28/23,Itza
"Bueno, ese si se ve vergas",11/28/23,Itza
Los del último vídeo si están bien nacos jajaja,11/28/23,Itza
Estaba en la plaza de enfrente,12/07/2023,Itza
Pero si sonó,12/07/2023,Itza
"Si, todo bien, y tu?",12/07/2023,Itza
Lo sentiste?,12/07/2023,Itza
null,12/08/2023,Itza
null,12/08/2023,Itza
Ya llegué wey,12/08/2023,Itza
https://www.facebook.com/share/r/yFwY5hMC8K76m2Jz/?mibextid=FBR326,12/26/23,Itza
https://www.facebook.com/share/r/AyWW3u7fKttBYSh8/?mibextid=FBR326,12/26/23,Itza
Qué haces wey?,12/27/23,Itza
Te extraño,12/27/23,Itza
Vuelve a casa,12/27/23,Itza
Mira esto,12/27/23,Itza
Qué es ahí?,12/27/23,Itza
Ptm,12/27/23,Itza
No traes datos?,12/27/23,Itza
Cómo sabes wey?,12/27/23,Itza
A ver si ahora si,12/27/23,Itza
Yo hace rato me puse una máscara y de que volteaba a ver en donde estabas para hacerte el martinete pero no estabas 😩,12/27/23,Itza
Y qué tal está?,12/27/23,Itza
Nada más te vas y empiezo a renovar mi vida,12/27/23,Itza
Qué es esa madre?,12/27/23,Itza
"Si, nmms, hoy hicimos un buen de cosas y solo hacia falta que te fueras 😂",12/27/23,Itza
Y por qué huevos andas tomando eso? 😂,12/27/23,Itza
Mamá sabía que tiene alcohol,12/27/23,Itza
?,12/27/23,Itza
Siiiii,12/28/23,Itza
En verde,12/28/23,Itza
Plis,12/28/23,Itza
Rubén,12/28/23,Itza
Fuerte weeeeey,12/28/23,Itza
Como que claro?,12/28/23,Itza
Ptm jajaja,12/28/23,Itza
Qué andas haciendo?,12/28/23,Itza
Wuey,12/28/23,Itza
"Jajaja alv, ya se sienten abuelos mis tíos jajaja",12/28/23,Itza
"Qué bien, ahí me vas informando",12/28/23,Itza
Va,12/31/23,Itza
Si,12/31/23,Itza
Qué pasó?,12/31/23,Itza
Dime wey,12/31/23,Itza
Qué crees que fue?,12/31/23,Itza
Niña,12/31/23,Itza
Una niña más,12/31/23,Itza
Te necesito un buen :((,12/31/23,Itza
Papá anda de mamón por no se qué (Evelyn de seguro),12/31/23,Itza
Ya hasta le rechazó a Nallely bailar y pues si se me hizo culero,12/31/23,Itza
We yo también ocupo un abrazo tuyo,12/31/23,Itza
"Pero acá de cabrones para sentirme mejor, no por año nuevo 🥺",12/31/23,Itza
null,01/01/2024,Itza
"Bien, me puse triste cuando les colgué",01/01/2024,Itza
Nel,01/01/2024,Itza
"Alv, que se vaya papá, yo me voy a quedar a tomar a escondidas",01/01/2024,Itza
"Por un lado comprendo bien porque está así, igual todo está medio incómodo",01/01/2024,Itza
Pero si se me hizo culei que se lo hiciera a nalle,01/01/2024,Itza
"Si, luego te cuento bien, voy a tratar de bailar unas con witzy",01/01/2024,Itza
Es por Julio,01/01/2024,Itza
"Gracias we, igual yo para ti 🫶",01/01/2024,Itza
Itza,01/05/2024,Itza
Qué bajes,01/05/2024,Itza
A la de ya,01/05/2024,Itza
Qué le habías dicho que le ibas a ayudar con la miel,01/05/2024,Itza
Quieres que le diga una excusa?,01/05/2024,Itza
De qué?,01/11/2024,Itza
Ya te pedí de suadero,01/11/2024,Itza
Porque tú wey,01/11/2024,Itza
No puedes responder rápido,01/11/2024,Itza
"Si, vamos",01/12/2024,Itza
Cámara hija de tu madre,1/15/24,Itza
Te toca ir a buscar el regalo,1/15/24,Itza
Yo te pago la mitad acá en la casa,1/15/24,Itza
Tqm,1/15/24,Itza
Algo no tan caro,1/15/24,Itza
Tampoco tan barato,1/15/24,Itza
"Si, ándale, de ese precio, aprox",1/15/24,Itza
Eu?,1/15/24,Itza
"Nah, apuesto a que ya tiene",1/15/24,Itza
Dame un minuto para pensar,1/15/24,Itza
"Busca un suéter en cuidado con el dog, ya sea formal o informal, pero SUETER, no sudadera o chamarra",1/15/24,Itza
Nmms,1/15/24,Itza
Ya paso mañana yo,1/15/24,Itza
Jajajaja,1/15/24,Itza
Qué tal está el ventilador? 👀,1/15/24,Itza
Ajá,1/15/24,Itza
Si se vería bien regalo,1/15/24,Itza
O que más hay?,1/15/24,Itza
De ese tipo de regalos,1/15/24,Itza
Como gatgets,1/15/24,Itza
"Okey, es buena opcion",1/15/24,Itza
Qué más?,1/15/24,Itza
"Nah, el ventilador, alv",1/15/24,Itza
Esta bonito,1/15/24,Itza
Un favor,1/15/24,Itza
Checa si hay mini billar en el área de juguetes y dime el precio,1/15/24,Itza
👉👈,1/15/24,Itza
Va,1/15/24,Itza
[ ] Playeras pasear,1/19/24,Itza
Ya llegó,02/02/2024,Itza
Esta we,02/02/2024,Itza
O esa,02/02/2024,Itza
Le dijiste a mi papá que hoy mi mamá nos quiere ver?,02/05/2024,Itza
"Nmms mamada, dile",02/05/2024,Itza
Que yo ando sacando la caca,02/05/2024,Itza
"Nmms we, sal y dile",02/05/2024,Itza
Porque aún ni me ando limpiando el culo,02/05/2024,Itza
"Ya wey, sal y dile, sin pensarla",02/05/2024,Itza
Wey,02/05/2024,Itza
Te toca,02/05/2024,Itza
Decirle a mamá,02/05/2024,Itza
Que si la vemos,02/05/2024,Itza
Dile que al cuarto para las 2,02/05/2024,Itza
https://vm.tiktok.com/ZM67Se4Wm/,02/05/2024,Itza
"Wey, para que le digas a tu compa",02/05/2024,Itza
We,2/17/24,Itza
Andamos en Tecámac,2/17/24,Itza
Todavía falta ir a ver al inquilino,2/17/24,Itza
"Cuidate, te picas la cola y me saludas a la Cynthia",2/17/24,Itza
Aclarando el adeudo del predial,2/17/24,Itza
Viene manejando,2/17/24,Itza
Vamos en autopista,2/17/24,Itza
"No, hasta el puto bastardo palacio municipal",2/17/24,Itza
Qué está a pendejas 40 minutos de la casa,2/17/24,Itza
En la casa,2/17/24,Itza
Y tú?,2/17/24,Itza
Llegamos hace poco,2/17/24,Itza
Ya,2/20/24,Itza
Itza,03/02/2024,Itza
Necesito que me digas por donde vas constantemente,03/02/2024,Itza
"Cada que hagan una parada por gas, al baño o para comer, dime en dónde están",03/02/2024,Itza
Y sobre todo cuando llegues,03/02/2024,Itza
Y has que Cynthia sepa de tu ubicación,03/02/2024,Itza
Cualquier cosa que ella también sepa,03/02/2024,Itza
"Okey, gracias",03/02/2024,Itza
Cómo vas?,03/02/2024,Itza
Cómo vas?,03/02/2024,Itza
"Okey, que bueno",03/02/2024,Itza
Ahora por dónde vienes?,03/03/2024,Itza
"Olvídalo, ya ví",03/03/2024,Itza
"Cuando venga de regreso a la casa, lo compro",03/03/2024,Itza
Salimos a comer a San Bartolo,03/03/2024,Itza
Mi papá y yo,03/03/2024,Itza
Okey,03/03/2024,Itza
Ya tengo tus hojas,03/03/2024,Itza
"Va, ya escuché",03/03/2024,Itza
Cagando,03/03/2024,Itza
.,3/17/24,Itza
Se ve bien vergas,3/23/24,Itza
Oye,3/28/24,Itza
Sabes cuál es la diferencia,3/28/24,Itza
Entre una iglesia,3/28/24,Itza
Y una feminista,3/28/24,Itza
Qué la iglesia si tiene padre,3/28/24,Itza
Había un señor ofreciendo pollo,3/28/24,Itza
Y le dice a un señor,3/28/24,Itza
Vendo pollo,3/28/24,Itza
Y él le responde,3/28/24,Itza
Y yo para que lo quiero vendado?,3/28/24,Itza
No sale nada,3/28/24,Itza
Aún no está bien digerida,3/28/24,Itza
Pégate en las rodillas,3/28/24,Itza
Métete el dedo,3/28/24,Itza
Creo que ahí va saliendo,3/28/24,Itza
Le estoy haciendo así,3/28/24,Itza
Para pujar,3/28/24,Itza
En donde estás?,3/29/24,Itza
Es uno arriba,3/29/24,Itza
Baja,3/29/24,Itza
Si,3/29/24,Itza
"O sube,",3/29/24,Itza
Donde sea que estés,3/29/24,Itza
Pero ven acá,3/29/24,Itza
Ya vamonos,3/29/24,Itza
Estos,3/31/24,Itza
Siiii,3/31/24,Itza
Oye we,4/19/24,Itza
"Cómo dices que aparece la canción de ""amor a primera vista"" en Spotify?",4/19/24,Itza
Gracias we,4/19/24,Itza
Mames,4/27/24,Itza
"Sale, luego vemos",4/27/24,Itza
https://www.facebook.com/share/v/eTVdGV4ZMXBKUc95/?mibextid=xfxF2i,4/29/24,Itza
"Si, pero si tú quieres no jajaja",10/08/2024,Itza
Por?,10/08/2024,Itza
No we,10/08/2024,Itza
En el lab,10/08/2024,Itza
Del otro lado de la escuela,10/08/2024,Itza
Creo que si,10/08/2024,Itza
Solo quería saber si estabas en el club,10/08/2024,Itza
Mamada,10/08/2024,Itza
Te veo en la mamadamobil,10/08/2024,Itza
Ewe,10/09/2024,Itza
Hoy nos tenemos que quedar a algo?,10/09/2024,Itza
Estoy en la biblioteca,10/10/2024,Itza
Qué pasó?,10/10/2024,Itza
Va,10/10/2024,Itza
hasta el fondo,10/10/2024,Itza
del lado del cajero,10/10/2024,Itza
Si we,10/11/2024,Itza
Edwin,10/11/2024,Itza
El ahorita te lo da,10/11/2024,Itza
Quédate en canchas para que te vea,10/11/2024,Itza
Me dijo que simon,10/11/2024,Itza
A ver si ahorita baja,10/11/2024,Itza
A ver si por ahí lo ves,10/11/2024,Itza
Pitzza,10/14/24,Itza
Te veo en el carro,10/14/24,Itza
Tienes tukey?,10/17/24,Itza
